{"ScriptName":"01_GenerativeDesign_SetPanelTypes_End.dyn","Description":"randomize curtain panels with generative design","Validated":true,"Version":"21.16.10.0","DefaultStudySettings":{"selectedSolver":"DOE Only","settings":{"CrossProduct_constantInputValues":{"0e7faacbceb141bb96047e9ed4209868":0},"CrossProduct_inputsParticipate":{"0e7faacbceb141bb96047e9ed4209868":1},"CrossProduct_inputsVariationValues":{"0e7faacbceb141bb96047e9ed4209868":2},"DOELikeThis_constantInputValues":{"0e7faacbceb141bb96047e9ed4209868":0},"DOELikeThis_currentInputValues":{"0e7faacbceb141bb96047e9ed4209868":0},"DOELikeThis_inputsParticipate":{"0e7faacbceb141bb96047e9ed4209868":1},"DOELikeThis_numOfSolutions":40,"DOELikeThis_seed":1,"DOEOnly_constantInputValues":{"0e7faacbceb141bb96047e9ed4209868":0},"DOEOnly_inputsParticipate":{"0e7faacbceb141bb96047e9ed4209868":1},"DOEOnly_numOfSolutions":40,"DOEOnly_seed":1,"NSGA2_constantInputValues":{"0e7faacbceb141bb96047e9ed4209868":0},"NSGA2_constraintsLargerValues":{"5d22d3a0584a4f60865cff1abaceefb5":null},"NSGA2_constraintsParticipate":{"5d22d3a0584a4f60865cff1abaceefb5":0},"NSGA2_constraintsSmallerValues":{"5d22d3a0584a4f60865cff1abaceefb5":null},"NSGA2_generations":10,"NSGA2_inputsParticipate":{"0e7faacbceb141bb96047e9ed4209868":1},"NSGA2_outputsGoalParticipate":{"5d22d3a0584a4f60865cff1abaceefb5":1},"NSGA2_outputsGoals":{"5d22d3a0584a4f60865cff1abaceefb5":0},"NSGA2_population":20,"NSGA2_seed":1}}}