{"license":"","file_hash":null,"name":"Refinery Toolkit","version":"1.1.1","description":"Collection of nodes to be used in Generative Design workflows","group":"","keywords":["generative","design","refinery","revit","massing","space","planning"],"dependencies":[],"host_dependencies":[],"contents":"","engine_version":"2.5.0.7586","engine":"dynamo","engine_metadata":"","site_url":"","repository_url":"","contains_binaries":true,"node_libraries":["Autodesk.RefineryToolkits.MassingRevit, Version=2019.3.1.0, Culture=neutral, PublicKeyToken=null","Autodesk.RefineryToolkits.MassingSandbox, Version=2019.3.1.0, Culture=neutral, PublicKeyToken=null","Autodesk.RefineryToolkits.SpacePlanning, Version=1.0.0.0, Culture=neutral, PublicKeyToken=null"]}